                  epoch,         train/box_loss,         train/cls_loss,         train/dfl_loss,   metrics/precision(B),      metrics/recall(B),       metrics/mAP50(B),    metrics/mAP50-95(B),           val/box_loss,           val/cls_loss,           val/dfl_loss,                 lr/pg0,                 lr/pg1,                 lr/pg2
                      1,                0.99716,                 4.1927,                 1.2308,                0.47021,                0.16715,                0.16194,                0.12763,                 1.0778,                 3.7538,                 1.3717,              0.0033003,              0.0033003,              0.0033003
                      2,                0.99767,                 3.2649,                 1.2185,                0.39644,                0.44175,                0.42678,                0.31278,                  1.011,                 2.6925,                 1.2648,              0.0066205,              0.0066205,              0.0066205
                      3,                 1.0403,                 2.6948,                 1.2082,                0.32506,                0.47628,                0.42019,                0.30322,                 1.1174,                 2.9637,                 1.3297,              0.0099275,              0.0099275,              0.0099275
                      4,                 1.0644,                 2.4285,                 1.1863,                0.41352,                0.63882,                0.56959,                0.42494,                 1.0849,                  3.259,                 1.3196,              0.0099406,              0.0099406,              0.0099406
                      5,                 1.0448,                 2.1757,                 1.1781,                0.73232,                0.67914,                0.76833,                0.57294,                 1.0473,                  1.779,                 1.2514,              0.0099406,              0.0099406,              0.0099406
                      6,                 1.0036,                 1.9228,                 1.1365,                0.74006,                 0.7567,                0.83657,                0.64025,                0.96823,                 1.3564,                 1.1735,              0.0099208,              0.0099208,              0.0099208
                      7,                0.98595,                 1.6854,                 1.1157,                0.76209,                0.78104,                0.85296,                0.67564,                0.87917,                 1.2023,                 1.1496,               0.009901,               0.009901,               0.009901
                      8,                0.98574,                 1.5948,                 1.1394,                0.72601,                0.73525,                  0.802,                0.63654,                0.99803,                 1.3081,                 1.1879,              0.0098812,              0.0098812,              0.0098812
                      9,                0.93389,                 1.4671,                  1.097,                0.83178,                0.82736,                0.87633,                0.70254,                0.91373,                0.96324,                 1.1432,              0.0098614,              0.0098614,              0.0098614
                     10,                0.94022,                 1.3701,                 1.1028,                0.81092,                0.81318,                0.85806,                0.68501,                0.86216,                 1.0305,                 1.1286,              0.0098416,              0.0098416,              0.0098416
                     11,                0.91761,                 1.3113,                 1.0918,                0.90301,                0.82721,                0.90142,                0.72141,                0.84535,                 1.1123,                 1.1046,              0.0098218,              0.0098218,              0.0098218
                     12,                0.92312,                 1.2344,                 1.0947,                 0.8742,                0.80769,                 0.8761,                0.70862,                0.84776,                0.84007,                 1.1042,               0.009802,               0.009802,               0.009802
                     13,                0.92699,                 1.1486,                 1.0894,                0.92067,                0.88181,                0.91756,                0.72856,                0.83719,                0.75583,                 1.1004,              0.0097822,              0.0097822,              0.0097822
                     14,                0.89732,                 1.1033,                 1.0812,                0.88289,                0.82164,                0.88773,                0.72013,                0.84107,                0.87628,                 1.0871,              0.0097624,              0.0097624,              0.0097624
                     15,                0.87366,                  1.036,                 1.0771,                0.81746,                 0.7909,                0.83022,                0.67032,                0.82965,                 1.0982,                 1.1108,              0.0097426,              0.0097426,              0.0097426
                     16,                0.86877,                0.99058,                 1.0712,                0.87707,                 0.8354,                0.90088,                0.72181,                0.89264,                0.94453,                 1.1107,              0.0097228,              0.0097228,              0.0097228
                     17,                0.85613,                0.96707,                 1.0555,                0.88585,                0.87323,                0.90905,                0.74087,                0.78967,                0.77578,                 1.0691,               0.009703,               0.009703,               0.009703
                     18,                0.86787,                0.97147,                 1.0697,                0.93023,                0.86132,                0.91851,                0.75655,                0.79225,                0.73493,                 1.0638,              0.0096832,              0.0096832,              0.0096832
                     19,                0.85591,                0.91308,                 1.0561,                0.85292,                0.87943,                0.92985,                0.76408,                0.76068,                0.82147,                 1.0591,              0.0096634,              0.0096634,              0.0096634
                     20,                0.83988,                0.87692,                 1.0481,                0.90437,                0.87596,                 0.9268,                0.74403,                0.78718,                0.77123,                 1.0705,              0.0096436,              0.0096436,              0.0096436
                     21,                0.84322,                0.87177,                 1.0519,                0.79842,                0.82125,                 0.8479,                0.67848,                0.90359,                 0.9313,                 1.1328,              0.0096238,              0.0096238,              0.0096238
                     22,                0.81449,                0.82758,                 1.0441,                0.92826,                 0.8802,                0.92968,                 0.7578,                 0.7735,                0.61382,                 1.0572,               0.009604,               0.009604,               0.009604
                     23,                0.80985,                0.79641,                 1.0314,                0.92095,                0.88011,                0.93735,                0.76745,                0.79591,                0.60498,                 1.0733,              0.0095842,              0.0095842,              0.0095842
                     24,                0.82849,                0.84222,                 1.0547,                0.91342,                0.86966,                0.92081,                0.75183,                 0.7785,                0.62284,                 1.0506,              0.0095644,              0.0095644,              0.0095644
                     25,                0.82308,                0.82598,                 1.0406,                0.90249,                0.90564,                0.93839,                0.76893,                0.83332,                0.61152,                 1.0726,              0.0095446,              0.0095446,              0.0095446
                     26,                0.80697,                0.78898,                 1.0382,                0.92172,                0.88017,                0.93422,                0.76663,                0.76909,                0.58781,                 1.0416,              0.0095248,              0.0095248,              0.0095248
                     27,                0.78795,                0.75893,                 1.0231,                0.90763,                0.88955,                0.92435,                0.75737,                0.77999,                0.62317,                 1.0647,               0.009505,               0.009505,               0.009505
                     28,                0.80218,                0.76252,                 1.0337,                0.90866,                0.89296,                0.94043,                0.77708,                0.76036,                0.56369,                 1.0279,              0.0094852,              0.0094852,              0.0094852
                     29,                0.78199,                0.74349,                 1.0285,                0.90514,                0.91173,                0.93274,                0.77773,                0.75115,                0.63905,                 1.0374,              0.0094654,              0.0094654,              0.0094654
                     30,                0.79889,                0.71991,                 1.0256,                0.93974,                0.89559,                0.93599,                0.78255,                 0.7559,                0.52979,                 1.0327,              0.0094456,              0.0094456,              0.0094456
                     31,                0.78414,                0.72219,                 1.0245,                0.86033,                 0.9076,                0.92932,                0.76678,                0.81894,                0.58183,                 1.0997,              0.0094258,              0.0094258,              0.0094258
                     32,                0.79237,                0.72525,                 1.0228,                0.91596,                0.89257,                0.93435,                 0.7742,                0.74002,                0.53105,                  1.029,               0.009406,               0.009406,               0.009406
                     33,                0.76504,                0.71404,                  1.017,                0.91325,                0.86789,                0.92632,                0.76043,                0.83114,                0.58747,                 1.0913,              0.0093862,              0.0093862,              0.0093862
                     34,                0.77043,                0.70358,                 1.0284,                0.89779,                0.89498,                0.94655,                0.78358,                0.78189,                0.56564,                 1.0694,              0.0093664,              0.0093664,              0.0093664
                     35,                0.77555,                 0.6983,                 1.0231,                0.88985,                0.91203,                0.94311,                 0.7767,                0.79967,                0.58112,                 1.0729,              0.0093466,              0.0093466,              0.0093466
                     36,                0.75444,                0.68929,                 1.0109,                0.90846,                 0.9075,                0.93506,                0.77479,                0.73922,                0.59935,                 1.0454,              0.0093268,              0.0093268,              0.0093268
                     37,                0.76294,                0.68389,                 1.0162,                0.91647,                0.90799,                0.94323,                0.77995,                 0.7466,                0.76408,                 1.0305,               0.009307,               0.009307,               0.009307
                     38,                0.78518,                 0.7186,                 1.0204,                0.92544,                0.88108,                0.93442,                0.77548,                0.79128,                 0.5962,                 1.0639,              0.0092872,              0.0092872,              0.0092872
                     39,                0.75783,                0.69549,                 1.0171,                0.92023,                0.89758,                0.93899,                0.79446,                0.73262,                0.64969,                 1.0313,              0.0092674,              0.0092674,              0.0092674
                     40,                0.74244,                0.65661,                0.99687,                 0.8934,                0.90631,                0.93404,                0.76359,                0.78341,                0.54616,                 1.0578,              0.0092476,              0.0092476,              0.0092476
                     41,                0.74764,                0.66483,                 1.0156,                0.88356,                0.93168,                0.95279,                0.79142,                0.77971,                  0.499,                   1.08,              0.0092278,              0.0092278,              0.0092278
                     42,                0.73262,                0.64567,                 1.0073,                0.91528,                0.90781,                0.94292,                 0.7878,                0.75732,                0.51559,                 1.0331,               0.009208,               0.009208,               0.009208
                     43,                0.74709,                0.66809,                 1.0112,                0.88684,                0.90546,                0.93477,                0.78255,                0.77005,                0.57522,                 1.0515,              0.0091882,              0.0091882,              0.0091882
                     44,                0.74779,                0.64631,                 1.0131,                0.92909,                0.89359,                 0.9477,                0.79383,                 0.7671,                0.49864,                 1.0467,              0.0091684,              0.0091684,              0.0091684
                     45,                0.74117,                0.64214,                 1.0043,                0.94544,                0.89501,                0.93397,                 0.7774,                 0.7489,                0.50059,                 1.0358,              0.0091486,              0.0091486,              0.0091486
                     46,                0.74038,                0.63724,                0.99791,                0.91262,                0.94958,                0.95711,                0.79018,                0.78548,                0.46625,                 1.0583,              0.0091288,              0.0091288,              0.0091288
                     47,                0.72064,                0.60969,                0.99185,                0.91758,                0.90448,                 0.9476,                0.78463,                0.75822,                0.48104,                 1.0348,               0.009109,               0.009109,               0.009109
                     48,                0.72341,                0.61274,                 1.0055,                0.93027,                0.89338,                0.95381,                0.80205,                0.78763,                0.48778,                 1.0606,              0.0090892,              0.0090892,              0.0090892
                     49,                0.72286,                 0.6179,                0.99722,                0.92981,                 0.9415,                0.95041,                0.79966,                0.73886,                0.45865,                 1.0329,              0.0090694,              0.0090694,              0.0090694
                     50,                0.72011,                0.60332,                0.98771,                0.93155,                0.92272,                0.95399,                0.80379,                0.77822,                0.47883,                  1.058,              0.0090496,              0.0090496,              0.0090496
                     51,                0.70079,                0.57677,                0.98427,                0.90722,                0.87807,                0.93604,                0.77665,                0.72153,                0.49494,                 1.0175,              0.0090298,              0.0090298,              0.0090298
                     52,                0.71555,                0.59776,                0.99276,                0.90926,                0.91638,                0.94804,                0.78645,                0.82589,                0.45322,                 1.0909,                0.00901,                0.00901,                0.00901
                     53,                0.69782,                0.61314,                0.98522,                0.93658,                0.92552,                0.95462,                  0.801,                0.75743,                0.47979,                 1.0451,              0.0089902,              0.0089902,              0.0089902
                     54,                0.70935,                0.58957,                0.98367,                0.93545,                0.92782,                0.95113,                0.79355,                0.74338,                0.46162,                 1.0333,              0.0089704,              0.0089704,              0.0089704
                     55,                0.71629,                0.58965,                 1.0017,                0.90006,                0.92132,                0.95569,                 0.7935,                0.77728,                 0.5074,                 1.0607,              0.0089506,              0.0089506,              0.0089506
                     56,                0.71575,                0.59525,                0.99718,                0.89777,                0.91737,                0.94529,                0.79507,                0.80034,                0.57807,                 1.0669,              0.0089308,              0.0089308,              0.0089308
                     57,                0.69186,                0.56968,                 0.9876,                0.91783,                0.89702,                  0.934,                0.77877,                0.78465,                0.47898,                 1.0626,               0.008911,               0.008911,               0.008911
                     58,                0.70744,                0.58416,                0.99146,                0.91871,                0.92121,                0.94785,                0.79713,                0.76285,                0.45904,                 1.0489,              0.0088912,              0.0088912,              0.0088912
                     59,                 0.6974,                0.58449,                0.98706,                 0.8993,                0.90326,                0.93706,                0.78654,                0.74919,                 0.5277,                 1.0314,              0.0088714,              0.0088714,              0.0088714
                     60,                0.68302,                0.56362,                0.97527,                0.93417,                0.91743,                0.95491,                0.80264,                0.78327,                 0.4502,                 1.0511,              0.0088516,              0.0088516,              0.0088516
                     61,                0.70299,                0.57095,                0.98932,                0.90913,                0.93566,                0.94593,                0.79386,                0.72468,                0.44749,                 1.0321,              0.0088318,              0.0088318,              0.0088318
                     62,                0.68861,                0.57537,                0.98626,                0.92021,                0.91554,                0.94966,                 0.7996,                0.73358,                0.44017,                 1.0222,               0.008812,               0.008812,               0.008812
                     63,                 0.6961,                0.58368,                0.98154,                0.91926,                0.91709,                0.94508,                0.79899,                0.70864,                0.44802,                 1.0146,              0.0087922,              0.0087922,              0.0087922
                     64,                0.68295,                0.54659,                0.97962,                0.90338,                 0.9419,                0.95278,                0.81024,                0.72951,                0.41663,                 1.0322,              0.0087724,              0.0087724,              0.0087724
                     65,                0.69429,                0.57815,                0.98206,                0.90948,                 0.9104,                0.94436,                0.78989,                0.74443,                0.49369,                 1.0361,              0.0087526,              0.0087526,              0.0087526
                     66,                0.67061,                0.54215,                0.97063,                0.92861,                0.91364,                0.95542,                0.80003,                0.74958,                0.43062,                 1.0358,              0.0087328,              0.0087328,              0.0087328
                     67,                0.69118,                0.56025,                0.99981,                0.90894,                 0.8997,                0.94035,                0.79008,                0.77157,                0.50426,                 1.0496,               0.008713,               0.008713,               0.008713
                     68,                0.68081,                 0.5507,                0.98271,                0.93566,                0.91594,                0.94982,                 0.8012,                0.71907,                0.43221,                 1.0176,              0.0086932,              0.0086932,              0.0086932
                     69,                0.68629,                0.56063,                0.97763,                0.90954,                0.90888,                  0.935,                0.79179,                0.72637,                 0.4599,                 1.0395,              0.0086734,              0.0086734,              0.0086734
                     70,                0.68243,                0.55221,                0.98876,                0.90905,                0.89587,                0.94331,                0.78812,                0.76916,                0.46824,                 1.0496,              0.0086536,              0.0086536,              0.0086536
                     71,                 0.6892,                0.54688,                0.98551,                0.90436,                0.93627,                0.94813,                0.79564,                0.77967,                0.47601,                 1.0616,              0.0086338,              0.0086338,              0.0086338
                     72,                0.67615,                0.53354,                0.98225,                0.95063,                0.93277,                0.95001,                0.79067,                0.76373,                0.45299,                 1.0485,               0.008614,               0.008614,               0.008614
                     73,                0.67743,                0.53528,                0.97638,                0.93095,                0.93707,                0.94868,                0.79406,                0.73997,                0.41113,                 1.0392,              0.0085942,              0.0085942,              0.0085942
                     74,                0.65918,                0.51943,                 0.9782,                0.93001,                0.92155,                0.94423,                  0.799,                0.79832,                0.43411,                 1.0644,              0.0085744,              0.0085744,              0.0085744
                     75,                0.67513,                0.54192,                0.97417,                0.92548,                0.94223,                0.96527,                0.81625,                0.71869,                0.40506,                  1.022,              0.0085546,              0.0085546,              0.0085546
                     76,                 0.6696,                0.53204,                0.97354,                0.90823,                0.92672,                0.94358,                0.79608,                0.73777,                0.51838,                 1.0321,              0.0085348,              0.0085348,              0.0085348
                     77,                0.65456,                0.52322,                0.96195,                0.90722,                 0.9525,                  0.948,                0.80135,                0.75374,                0.45113,                 1.0454,               0.008515,               0.008515,               0.008515
                     78,                0.64737,                0.50166,                0.96445,                 0.9186,                0.94577,                 0.9474,                0.80357,                0.71098,                0.39665,                  1.017,              0.0084952,              0.0084952,              0.0084952
                     79,                0.65475,                 0.5215,                0.96802,                0.94046,                 0.9453,                0.95486,                0.79838,                0.70964,                0.44758,                 1.0212,              0.0084754,              0.0084754,              0.0084754
                     80,                0.66204,                0.51766,                0.97135,                0.93453,                 0.9298,                0.95355,                0.80681,                0.70123,                0.42892,                 1.0088,              0.0084556,              0.0084556,              0.0084556
                     81,                0.66223,                0.50236,                0.97125,                0.93307,                0.92579,                0.95125,                0.79244,                0.75134,                0.41109,                 1.0317,              0.0084358,              0.0084358,              0.0084358
                     82,                0.64815,                0.50873,                 0.9654,                0.94348,                0.93342,                0.95648,                 0.8002,                 0.7088,                0.40269,                 1.0093,               0.008416,               0.008416,               0.008416
                     83,                0.65631,                0.51481,                0.96903,                0.91007,                0.94016,                0.95118,                0.80522,                0.70989,                 0.4261,                 1.0204,              0.0083962,              0.0083962,              0.0083962
                     84,                0.64796,                0.50623,                0.96935,                0.95236,                0.91096,                0.95249,                0.80378,                0.73241,                0.42341,                 1.0237,              0.0083764,              0.0083764,              0.0083764
                     85,                0.64894,                0.50832,                0.96452,                0.93444,                0.93778,                0.95706,                0.80633,                0.75077,                0.45109,                 1.0489,              0.0083566,              0.0083566,              0.0083566
                     86,                0.66968,                0.53815,                0.97257,                0.91684,                0.94331,                0.95261,                0.80955,                0.73383,                0.42013,                 1.0342,              0.0083368,              0.0083368,              0.0083368
                     87,                0.64827,                0.51114,                0.96208,                 0.9527,                0.91674,                0.95039,                0.81051,                0.72092,                0.40874,                 1.0224,               0.008317,               0.008317,               0.008317
                     88,                0.64427,                0.49933,                0.96218,                 0.9438,                0.94323,                0.96505,                0.80829,                0.76438,                0.40274,                 1.0534,              0.0082972,              0.0082972,              0.0082972
                     89,                0.64632,                0.51984,                0.96802,                0.90182,                0.93515,                0.95919,                0.80868,                 0.7318,                0.42112,                 1.0363,              0.0082774,              0.0082774,              0.0082774
                     90,                0.64692,                0.51401,                0.96385,                0.92207,                 0.9442,                0.95911,                0.80479,                0.79208,                0.41885,                 1.0713,              0.0082576,              0.0082576,              0.0082576
                     91,                0.65782,                0.50318,                0.96938,                0.91981,                0.92732,                0.95383,                0.79663,                0.74545,                0.42468,                  1.024,              0.0082378,              0.0082378,              0.0082378
                     92,                0.62653,                0.49893,                0.96145,                0.90411,                0.94093,                0.95391,                0.79649,                0.77409,                0.45666,                 1.0599,               0.008218,               0.008218,               0.008218
                     93,                 0.6536,                0.51321,                0.96737,                0.92328,                0.92927,                0.94537,                0.80298,                 0.7487,                0.41998,                 1.0324,              0.0081982,              0.0081982,              0.0081982
                     94,                0.62504,                0.50967,                0.95535,                0.92268,                0.93729,                0.95531,                0.80889,                0.72814,                0.40462,                 1.0137,              0.0081784,              0.0081784,              0.0081784
                     95,                0.64242,                0.51094,                0.96002,                0.95373,                0.92317,                0.95275,                0.81493,                 0.7469,                0.40917,                 1.0239,              0.0081586,              0.0081586,              0.0081586
                     96,                0.63735,                0.48794,                0.96031,                0.93652,                 0.9102,                0.95903,                0.81581,                0.73688,                  0.408,                 1.0283,              0.0081388,              0.0081388,              0.0081388
                     97,                0.62326,                0.47772,                0.95973,                0.90747,                0.93814,                0.94565,                0.80493,                0.76285,                 0.4519,                 1.0455,               0.008119,               0.008119,               0.008119
                     98,                0.62162,                0.48235,                0.95803,                0.93236,                0.90177,                0.95178,                0.80882,                0.72403,                0.54391,                 1.0193,              0.0080992,              0.0080992,              0.0080992
                     99,                0.64514,                 0.4859,                 0.9673,                0.90568,                 0.9218,                0.94286,                0.81053,                0.69579,                0.43346,                 1.0151,              0.0080794,              0.0080794,              0.0080794
                    100,                0.61342,                0.46438,                0.95474,                 0.9288,                0.92277,                 0.9445,                0.79693,                0.73975,                0.42133,                 1.0272,              0.0080596,              0.0080596,              0.0080596
                    101,                0.62391,                0.46244,                0.95403,                0.92843,                 0.9379,                0.95677,                0.81214,                0.74777,                0.40747,                 1.0488,              0.0080398,              0.0080398,              0.0080398
                    102,                0.63576,                0.48864,                0.95836,                0.91161,                0.93168,                0.94574,                0.80433,                0.74382,                0.42477,                 1.0474,                0.00802,                0.00802,                0.00802
                    103,                0.63302,                0.48833,                0.95843,                0.92174,                0.93945,                0.94374,                0.80047,                0.69082,                0.43329,                 1.0205,              0.0080002,              0.0080002,              0.0080002
                    104,                 0.6325,                0.48425,                0.96122,                0.92103,                0.93579,                0.94412,                0.80673,                0.72033,                0.40553,                 1.0187,              0.0079804,              0.0079804,              0.0079804
                    105,                0.62427,                0.48514,                0.96257,                0.91295,                0.92998,                 0.9485,                0.80427,                0.72727,                0.41879,                 1.0176,              0.0079606,              0.0079606,              0.0079606
                    106,                0.63155,                 0.4854,                0.96054,                0.94173,                0.92905,                 0.9579,                 0.8192,                0.68782,                0.37708,                 1.0014,              0.0079408,              0.0079408,              0.0079408
                    107,                0.59467,                0.45187,                0.93675,                0.92166,                0.94161,                0.95393,                0.81109,                0.74329,                0.39395,                 1.0481,               0.007921,               0.007921,               0.007921
                    108,                0.59891,                0.46718,                0.95847,                0.92609,                0.90718,                0.94713,                0.80417,                0.70334,                0.40632,                  1.014,              0.0079012,              0.0079012,              0.0079012
                    109,                0.61096,                0.47456,                0.95669,                0.91699,                0.92414,                0.94447,                0.79477,                0.70565,                0.41204,                 1.0221,              0.0078814,              0.0078814,              0.0078814
                    110,                0.61117,                0.48251,                0.95396,                0.91106,                0.93312,                0.94941,                0.80506,                0.72983,                0.40926,                 1.0235,              0.0078616,              0.0078616,              0.0078616
                    111,                 0.6163,                0.47875,                  0.953,                0.93648,                 0.9306,                0.94953,                0.80469,                0.72978,                0.40846,                  1.015,              0.0078418,              0.0078418,              0.0078418
                    112,                0.60027,                0.45781,                0.94423,                0.93119,                0.93477,                0.96367,                0.81555,                0.69113,                0.38411,                 1.0008,               0.007822,               0.007822,               0.007822
                    113,                0.62442,                0.47571,                0.95456,                0.93211,                0.91793,                0.94886,                0.80921,                0.72704,                0.42466,                 1.0074,              0.0078022,              0.0078022,              0.0078022
                    114,                0.60585,                 0.4696,                0.94626,                 0.9061,                0.94785,                 0.9555,                0.81719,                0.72758,                0.39552,                 1.0435,              0.0077824,              0.0077824,              0.0077824
                    115,                0.61038,                0.46531,                0.95367,                0.91081,                0.93971,                0.95487,                0.81121,                0.69256,                0.40644,                 1.0122,              0.0077626,              0.0077626,              0.0077626
                    116,                0.59971,                0.48163,                0.94637,                0.91221,                0.92915,                0.95173,                0.81234,                0.74499,                0.42027,                 1.0388,              0.0077428,              0.0077428,              0.0077428
                    117,                0.61344,                0.46492,                0.95619,                 0.9247,                0.93363,                0.95569,                0.81095,                0.70986,                0.38164,                 1.0048,               0.007723,               0.007723,               0.007723
                    118,                0.60371,                0.46164,                0.95069,                0.92748,                0.92736,                0.94698,                0.80907,                  0.708,                0.41392,                 1.0177,              0.0077032,              0.0077032,              0.0077032
                    119,                0.59806,                0.45328,                0.94589,                0.90817,                0.94765,                0.95406,                0.80952,                0.72487,                0.39697,                 1.0235,              0.0076834,              0.0076834,              0.0076834
                    120,                0.60735,                 0.4605,                0.95556,                 0.9269,                0.94517,                0.95314,                0.81006,                0.69456,                0.37246,                 1.0104,              0.0076636,              0.0076636,              0.0076636
                    121,                 0.6005,                0.46626,                 0.9515,                0.93691,                0.94561,                  0.956,                0.81169,                0.70313,                0.37317,                 1.0011,              0.0076438,              0.0076438,              0.0076438
                    122,                0.59292,                0.44876,                0.94344,                0.93225,                0.93254,                0.95751,                0.80853,                0.72983,                0.38213,                 1.0075,               0.007624,               0.007624,               0.007624
                    123,                0.59821,                0.44439,                0.94954,                0.91912,                0.94275,                0.95654,                 0.8123,                0.75915,                0.39218,                 1.0479,              0.0076042,              0.0076042,              0.0076042
                    124,                0.58864,                 0.4498,                  0.942,                0.92588,                 0.9296,                0.95058,                0.80401,                0.75811,                0.38379,                 1.0503,              0.0075844,              0.0075844,              0.0075844
                    125,                0.59466,                0.45342,                0.95357,                0.93814,                0.93419,                 0.9558,                0.80456,                 0.7156,                0.38975,                 1.0141,              0.0075646,              0.0075646,              0.0075646
                    126,                0.58711,                0.44289,                0.94093,                0.92343,                0.93259,                0.95098,                0.80529,                0.73933,                0.40948,                 1.0381,              0.0075448,              0.0075448,              0.0075448
                    127,                0.59251,                0.45343,                0.94655,                0.91188,                0.94272,                0.95983,                 0.8123,                0.73391,                0.39802,                 1.0267,               0.007525,               0.007525,               0.007525
                    128,                0.58925,                 0.4457,                0.94696,                0.93276,                0.94451,                0.95588,                0.80805,                0.70748,                0.39378,                 1.0173,              0.0075052,              0.0075052,              0.0075052
                    129,                0.57779,                0.42535,                0.93474,                0.92199,                0.94542,                0.95056,                0.81046,                 0.7278,                0.38863,                 1.0274,              0.0074854,              0.0074854,              0.0074854
                    130,                0.59334,                0.44806,                0.94592,                0.91622,                0.94911,                0.95776,                0.81882,                 0.7182,                0.39049,                 1.0327,              0.0074656,              0.0074656,              0.0074656
                    131,                 0.5932,                0.44728,                0.94719,                0.91555,                0.94404,                0.96004,                0.81582,                0.69788,                0.39208,                 1.0132,              0.0074458,              0.0074458,              0.0074458
                    132,                0.57668,                0.42906,                0.93359,                0.93516,                0.92342,                0.95446,                0.80822,                0.72134,                0.39157,                 1.0327,               0.007426,               0.007426,               0.007426
                    133,                0.58799,                0.44024,                0.94241,                0.92427,                0.94201,                0.96403,                0.81403,                0.73071,                0.39899,                 1.0285,              0.0074062,              0.0074062,              0.0074062
                    134,                0.58949,                0.45421,                0.94724,                0.92761,                0.94725,                0.95599,                0.81796,                0.73844,                0.37362,                 1.0238,              0.0073864,              0.0073864,              0.0073864
                    135,                0.57663,                0.43569,                0.93602,                 0.9359,                0.94733,                 0.9591,                0.81192,                0.73366,                0.38111,                 1.0323,              0.0073666,              0.0073666,              0.0073666
                    136,                0.59346,                0.43935,                0.94358,                0.94542,                 0.9575,                0.96408,                0.81219,                0.74414,                0.37013,                 1.0382,              0.0073468,              0.0073468,              0.0073468
                    137,                0.57424,                0.42869,                0.94647,                0.93908,                0.94125,                0.95566,                0.81351,                0.71675,                0.36028,                 1.0222,               0.007327,               0.007327,               0.007327
                    138,                0.58437,                0.44132,                0.94321,                0.94481,                0.94942,                0.96113,                0.80883,                0.74251,                0.37462,                 1.0437,              0.0073072,              0.0073072,              0.0073072
                    139,                0.56869,                0.42811,                0.93529,                0.92952,                0.94658,                0.96412,                0.81294,                0.71601,                0.37377,                 1.0269,              0.0072874,              0.0072874,              0.0072874
                    140,                0.57521,                0.43107,                0.93619,                0.93148,                0.94381,                0.96194,                0.82015,                0.69006,                0.36768,                 1.0139,              0.0072676,              0.0072676,              0.0072676
                    141,                0.57222,                0.42139,                0.93567,                0.92457,                0.94699,                0.96655,                0.81968,                0.70008,                0.38674,                 1.0142,              0.0072478,              0.0072478,              0.0072478
                    142,                 0.5723,                0.42874,                0.93404,                0.91828,                0.95084,                0.96077,                0.81152,                 0.7505,                 0.3739,                 1.0569,               0.007228,               0.007228,               0.007228
                    143,                0.56661,                0.42056,                0.93462,                0.94565,                0.93774,                0.96338,                 0.8131,                0.69302,                0.35951,                 1.0278,              0.0072082,              0.0072082,              0.0072082
                    144,                0.56874,                 0.4286,                0.93656,                0.89608,                0.95254,                0.95747,                0.81625,                0.71947,                0.38725,                 1.0281,              0.0071884,              0.0071884,              0.0071884
                    145,                0.56653,                0.41923,                0.93367,                0.91161,                0.95112,                0.95852,                0.80887,                0.73657,                0.39924,                 1.0503,              0.0071686,              0.0071686,              0.0071686
                    146,                0.57339,                0.43757,                0.94699,                0.91752,                0.95553,                0.96111,                0.82331,                   0.71,                0.37606,                 1.0308,              0.0071488,              0.0071488,              0.0071488
                    147,                0.56426,                0.40896,                0.94318,                0.93206,                0.94781,                0.95873,                0.81008,                 0.7395,                0.37466,                 1.0497,               0.007129,               0.007129,               0.007129
                    148,                0.57255,                0.42204,                0.94095,                0.93422,                0.93325,                0.95879,                0.81348,                0.73311,                0.38184,                 1.0324,              0.0071092,              0.0071092,              0.0071092
                    149,                0.55135,                0.42278,                0.93271,                0.92979,                0.93619,                0.96042,                0.81297,                 0.7372,                0.40058,                 1.0482,              0.0070894,              0.0070894,              0.0070894
                    150,                0.56237,                0.41994,                0.93417,                 0.9474,                0.94184,                0.95561,                0.82288,                0.69832,                0.37228,                 1.0089,              0.0070696,              0.0070696,              0.0070696
                    151,                0.56341,                0.41336,                0.93335,                0.93569,                0.94955,                0.95744,                 0.8163,                 0.6957,                0.37444,                 1.0195,              0.0070498,              0.0070498,              0.0070498
                    152,                0.56198,                0.41927,                 0.9278,                0.94928,                0.94173,                0.95745,                0.81697,                0.70323,                0.37504,                 1.0206,                0.00703,                0.00703,                0.00703
                    153,                0.56646,                0.41322,                0.93908,                0.94288,                0.92244,                0.96008,                0.81499,                0.69564,                0.39799,                 1.0087,              0.0070102,              0.0070102,              0.0070102
                    154,                 0.5517,                0.40837,                0.92519,                0.90357,                0.94699,                0.95586,                0.80706,                0.70408,                0.37749,                  1.016,              0.0069904,              0.0069904,              0.0069904
                    155,                0.56801,                0.42958,                0.94455,                0.91594,                 0.9424,                0.94502,                0.80843,                0.70568,                0.36653,                 1.0209,              0.0069706,              0.0069706,              0.0069706
                    156,                0.55424,                0.40931,                 0.9329,                0.93219,                 0.9375,                0.94572,                 0.8028,                0.70545,                0.38517,                 1.0184,              0.0069508,              0.0069508,              0.0069508
                    157,                0.56818,                0.41823,                0.94515,                0.93237,                0.93651,                0.95478,                0.81229,                0.69015,                0.35139,                0.99975,               0.006931,               0.006931,               0.006931
                    158,                0.55449,                0.41018,                0.93182,                0.94017,                0.94942,                0.95689,                0.81239,                0.69984,                0.34171,                 1.0139,              0.0069112,              0.0069112,              0.0069112
                    159,                 0.5554,                0.40528,                0.93261,                0.92489,                0.95628,                 0.9602,                 0.8097,                0.71939,                0.34793,                 1.0276,              0.0068914,              0.0068914,              0.0068914
                    160,                0.54017,                0.39358,                0.92578,                0.95041,                0.92128,                0.95189,                0.80836,                0.72682,                 0.3687,                 1.0139,              0.0068716,              0.0068716,              0.0068716
                    161,                0.54901,                0.41579,                0.93404,                0.93845,                0.94009,                0.95009,                0.81704,                0.72482,                0.36492,                 1.0224,              0.0068518,              0.0068518,              0.0068518
                    162,                0.55961,                0.41889,                0.93326,                0.94726,                0.94036,                0.96236,                0.82069,                0.69607,                0.36266,                 1.0074,               0.006832,               0.006832,               0.006832
                    163,                0.53171,                0.39272,                0.91839,                0.92615,                 0.9466,                0.95499,                0.81184,                0.70044,                0.39582,                 1.0103,              0.0068122,              0.0068122,              0.0068122
                    164,                0.55482,                0.41161,                0.92909,                0.91492,                0.94927,                0.95934,                0.81647,                0.73941,                0.38359,                  1.036,              0.0067924,              0.0067924,              0.0067924
                    165,                0.54857,                0.40869,                0.93143,                0.90993,                 0.9457,                0.94903,                 0.8119,                0.70919,                0.43833,                 1.0201,              0.0067726,              0.0067726,              0.0067726
                    166,                0.54205,                0.40887,                 0.9298,                0.93823,                0.92586,                0.96275,                0.82033,                0.72006,                 0.3849,                 1.0299,              0.0067528,              0.0067528,              0.0067528
                    167,                0.54562,                0.40406,                0.92479,                0.94444,                0.93717,                0.95714,                 0.8105,                0.72932,                0.37174,                 1.0387,               0.006733,               0.006733,               0.006733
                    168,                0.53977,                0.40234,                0.93229,                0.94894,                0.93432,                0.95377,                0.80821,                0.73395,                0.49867,                 1.0227,              0.0067132,              0.0067132,              0.0067132
                    169,                 0.5295,                0.39908,                0.92031,                0.93108,                0.95754,                0.95978,                0.81352,                0.71007,                0.36221,                 1.0314,              0.0066934,              0.0066934,              0.0066934
                    170,                0.53365,                0.39367,                0.92097,                0.95387,                0.92664,                0.96343,                 0.8134,                0.71332,                 0.3628,                 1.0283,              0.0066736,              0.0066736,              0.0066736
                    171,                0.54179,                0.40302,                0.92879,                0.94953,                0.93015,                0.95931,                0.81382,                0.69103,                0.36736,                 1.0166,              0.0066538,              0.0066538,              0.0066538
                    172,                0.54455,                0.40215,                 0.9252,                 0.9433,                0.94837,                0.95489,                0.81329,                0.73093,                0.35617,                 1.0392,               0.006634,               0.006634,               0.006634
                    173,                  0.548,                0.40068,                0.92999,                0.93955,                0.94857,                0.95969,                0.81789,                0.71697,                0.34227,                 1.0156,              0.0066142,              0.0066142,              0.0066142
                    174,                0.55257,                0.40221,                0.92552,                0.92521,                0.93869,                 0.9574,                0.81123,                0.75689,                0.37231,                 1.0445,              0.0065944,              0.0065944,              0.0065944
                    175,                0.52871,                0.38712,                0.92198,                0.93521,                0.95325,                0.95428,                0.80705,                0.72701,                0.34711,                 1.0387,              0.0065746,              0.0065746,              0.0065746
                    176,                0.53052,                0.39999,                0.92009,                0.94194,                0.92859,                0.95725,                0.80692,                  0.717,                0.37826,                 1.0272,              0.0065548,              0.0065548,              0.0065548
                    177,                0.53668,                0.38504,                 0.9266,                0.93892,                0.93736,                0.95669,                0.81301,                0.69578,                0.38168,                 1.0107,               0.006535,               0.006535,               0.006535
                    178,                0.56579,                0.41527,                 0.9417,                0.92275,                0.94277,                0.95878,                0.81819,                0.70483,                0.36152,                 1.0198,              0.0065152,              0.0065152,              0.0065152
                    179,                0.53115,                0.40713,                0.91677,                0.93637,                0.93371,                0.96146,                0.81871,                0.72761,                0.37838,                 1.0448,              0.0064954,              0.0064954,              0.0064954
                    180,                0.52908,                0.38927,                0.92308,                0.93795,                0.94953,                0.96094,                0.81729,                0.72843,                0.35956,                 1.0395,              0.0064756,              0.0064756,              0.0064756
                    181,                0.52079,                0.37669,                0.92006,                0.93581,                0.94939,                0.95982,                0.81836,                0.72451,                0.35673,                 1.0382,              0.0064558,              0.0064558,              0.0064558
                    182,                0.53255,                0.40288,                0.92612,                0.93647,                0.94754,                0.96204,                0.81695,                0.72639,                0.36054,                 1.0322,               0.006436,               0.006436,               0.006436
                    183,                0.53489,                0.40372,                 0.9268,                0.92219,                0.91914,                0.95024,                0.80302,                0.71565,                0.37647,                 1.0211,              0.0064162,              0.0064162,              0.0064162
                    184,                0.51446,                0.38337,                0.92505,                0.92465,                0.95301,                0.96136,                0.81037,                0.74855,                0.36228,                 1.0484,              0.0063964,              0.0063964,              0.0063964
                    185,                0.53203,                0.38346,                0.92639,                0.93541,                0.95183,                0.95869,                0.81477,                0.73682,                0.36646,                 1.0385,              0.0063766,              0.0063766,              0.0063766
                    186,                0.51778,                0.37925,                0.91799,                0.93885,                0.94133,                0.95265,                0.80599,                0.72586,                0.37198,                 1.0327,              0.0063568,              0.0063568,              0.0063568
                    187,                0.52084,                0.37615,                0.91806,                0.93756,                 0.9532,                0.96054,                0.81704,                0.68718,                0.37101,                 1.0155,               0.006337,               0.006337,               0.006337
                    188,                0.53136,                0.38757,                0.92418,                0.93621,                0.93768,                0.96536,                0.81619,                0.70525,                0.34897,                  1.017,              0.0063172,              0.0063172,              0.0063172
                    189,                0.50864,                0.37085,                0.92093,                0.93884,                0.94138,                0.96324,                0.81226,                0.74195,                0.36194,                 1.0332,              0.0062974,              0.0062974,              0.0062974
                    190,                0.52362,                0.37586,                0.92161,                0.92727,                0.94497,                0.96211,                0.81092,                0.71707,                0.35668,                 1.0252,              0.0062776,              0.0062776,              0.0062776
                    191,                0.51594,                0.37249,                0.91946,                0.93229,                0.95462,                0.95607,                0.80505,                0.71243,                0.35007,                 1.0215,              0.0062578,              0.0062578,              0.0062578
                    192,                0.50836,                0.37762,                0.91752,                0.92509,                0.94032,                0.95964,                0.81191,                0.72497,                0.36319,                 1.0196,               0.006238,               0.006238,               0.006238
                    193,                0.51558,                0.38633,                0.92579,                0.93928,                0.93134,                0.95881,                0.81623,                0.70746,                0.36534,                 1.0165,              0.0062182,              0.0062182,              0.0062182
                    194,                0.52032,                0.37888,                0.92308,                0.93782,                0.92416,                0.95924,                0.81165,                0.70515,                0.38579,                 1.0218,              0.0061984,              0.0061984,              0.0061984
                    195,                0.52215,                0.38648,                0.92519,                0.93843,                0.92224,                0.95565,                  0.819,                0.71048,                0.37143,                 1.0185,              0.0061786,              0.0061786,              0.0061786
                    196,                0.52034,                0.37936,                0.92778,                0.93755,                0.94042,                0.95629,                0.81574,                0.71719,                0.37439,                 1.0227,              0.0061588,              0.0061588,              0.0061588
